dilsefoodieVerifiedLunch,1
With,1
Dad,1
ğŸ˜ƒ#dilsefoodie17h,1
dilsefoodieVerifiedPeeli,1
Mirch,1
Wale,1
Chole,2
Kulche,1
At,3
Nai,2
"Sadak,",2
Chandni,2
Chowk#dilsefoodie,2
#dilsecouple2d,1
dilsefoodieVerifiedMahender,1
Ji,2
Ke,1
Dahi,1
Bhalla,1
Papdi,1
Chaat,1
#dilsecouple3d,1
dilsefoodieVerifiedSamosa,1
Lovers,1
â¤ï¸#dilsefoodie,1
#dilsecouple5d,1
dilsefoodieVerifiedBhaiyo,1
Bijli,1
Se,1
Kam,1
Nahi,1
Hai,1
Giani,1
ji,1
Ka,3
Rabri,1
Faluda,1
â˜ºï¸.#dilsefoodie,1
#dilsecouple6d,1
dilsefoodieVerifiedPatna,1
Roll,1
In,1
Patna,1
Blue,1
Moon#dilsefoodie,1
#dilsecouple1w,4
dilsefoodieVerifiedVeteran,1
Journalist,1
Vinod,1
Dua,1
Passed,1
Away,1
ğŸ˜”.The,1
Man,1
Who,1
Actually,1
Started,1
Hosting,1
Food,7
Show,1
-,2
Zaika,1
India,1
and,23
inspired,1
many,1
people.A,1
True,1
#dilsefoodieDeepest,1
Condolences,1
To,1
The,2
Family,1
ğŸ™ğŸ»1w,1
dilsefoodieVerifiedDilli,1
Ki,1
Sardi,1
And,1
Pav,2
Bhaji,1
ğŸ˜ğŸ˜ğŸ˜ğŸ˜.Chatrasal,1
Stadium,1
Wali,1
Bhaji#dilsefoodie,1
dilsefoodieVerifiedRDK,1
Roshan,1
Di,1
"Kulfi,",1
Rajouri,1
OutletHad,1
this,14
amazing,2
aloo,2
tikki,2
with,14
chole,4
ğŸ¤ª,1
@dilsecouple#dilsefoodie,1
dilsefoodieVerifiedOh,1
Bhaisaab,1
!!,1
ye,1
kya,1
dekh,1
liya,1
ğŸ˜±ğŸ˜±#dilsefoodie,1
foodie_incarnateVerifiedMost,1
Amazing,1
Street,1
EverğŸ˜±ğŸ˜±Aloo,1
in,17
Boiling,1
SandğŸ˜³ğŸ˜³.Watch,1
the,19
full,7
video,8
on,11
my,16
YouTube,4
channel.,4
Link,4
is,12
bioğŸ¤—.#foodieincarnate,1
#reelkarofeelkaro,4
#reelitfeelit,1
#reels,11
#reelsinstagram,6
#delhi,15
#mumbai,5
#delhifoodie,14
#mainpuri,1
#aloo,1
#uniquefood,1
#streetfood1d,1
foodie_incarnateVerifiedNadda,1
Kebab:,1
dish,1
disappointed,1
us,2
most,2
Nagpur.ğŸ‘ğŸ»ğŸ‘ğŸ».#foodieincarnate,1
#sodelhi,6
#newdelhi,5
#foodtalkindia,6
#delhigram,5
#indianfood,7
#delhifoodblogger,8
#foodgasm,4
#foodporn,6
#foodpornshare,4
#foodlover,5
#foodgram,4
#foodiesofinstagram,4
#foodie,11
#indianstreetfood,6
#streetfood,7
#delhistreetfood,6
#streetfoodindia,4
#mumbaistreetfood,4
#foodblogger,7
#indianfoodie,5
#desikhana,5
#indianfoodblogger,5
#indianfoodbloggers,9
#delhifood,5
#nagpur,1
#nadda2d,1
foodie_incarnateVerifiedFamous,1
Patti,1
Samosa,1
of,12
VadodarağŸ¤©ğŸ¤©.Kindly,1
watch,4
for,12
"location,",3
price,3
&,10
other,3
detailsğŸ¤—ğŸ¤—.#foodieincarnate,3
#vadodara,1
#samosa3d,1
foodie_incarnateVerifiedIce,1
Cream,1
BarfiğŸ¤©ğŸ¤©.Watch,1
bioğŸ¤—ğŸ¤—.#Foodieincarnate,3
#Reelitfeelit,3
#streefood,1
#icecream,1
#barfi,1
#desserts,1
#chocolate3d,1
foodie_incarnateVerifiedBreakfast,1
backdrop,1
mighty,1
HimalayasğŸ˜ğŸ˜If,1
cozy,2
mountain,1
stay,2
your,12
mind,1
comfort,1
homely,1
"food,",1
head,1
over,2
to,20
Cedar,1
Lodge,1
by,1
@aahma_hospitality,1
.,1
You,1
wonâ€™t,1
be,5
disappointedğŸ¤—ğŸ¤—.#foodieincarnate,1
#nainital,1
#ramgarh,1
#resort,1
#mountainresort,1
#breakfastgoals,2
#amarsirohi,1
#desifood,2
#staycation,1
#staycations,1
#mumbaifoodblogger,1
#breakfast,1
#mountainfood,1
#foodwithaview,1
#foodstagram,1
#almora,1
#himalayas,1
#delhifoodbloggers,1
#delhifoodguide,1
#mumbaifoodie4d,1
foodie_incarnateVerifiedDragon,1
Fried,1
Misal,1
PavğŸ”¥ğŸ”¥.Kindly,1
#ahmedabad,1
#friedmisal5d,1
foodie_incarnateVerified100%,1
Natural,1
Jaggery,1
MakingğŸ˜±ğŸ˜±.Watch,1
#indian,2
#ruralindia,1
#streetfoodondia5d,1
foodie_incarnateVerifiedBhogal's,1
"Bhature,",1
one,3
favourite,1
bhature,2
Delhiâ¤ğŸ˜.Located,1
Scindia,1
House/Janpath,1
New,2
"Delhi,",2
place,1
known,1
it's,1
super,3
delicious,9
kofte,1
kachalu,1
ka,1
achaar.,1
On,1
list,1
top,1
places,1
it,5
ranked,1
number,1
3.,1
Highly,1
Recommended.ğŸ‘ğŸ»ğŸ‘ğŸ».#foodieincarnate,1
#eastdelhi,1
#ghaziabad,1
#thali,1
#indiansnack,1
#bhature,1
#chole,1
#cholebhature,1
#breakfastporn,1
#delhite,1
#indiancuisine,1
#eatfamous,2
#poori,1
#spicyfood,1
#nashta,1
#mumbaistreetfood6d,1
foodie_incarnateVerifiedKolkata,1
Style,1
Jhalmuri,1
DelhiğŸ¤©ğŸ¤©.Kindly,1
#kolkata,1
#jhalmuri6d,1
foodie_incarnateVerifiedEpic,1
Gajar,1
Halwa,1
MakingğŸ¤©ğŸ¤©.Watch,1
#gajarkahalwa,1
#halwa,1
#viralfood,1
#viralvideos,1
#india1w,1
food.darzeeVerifiedConstantly,1
search,1
something,1
eat?,1
Can't,1
figure,1
out,5
why?,1
Let,1
help,1
ğŸ¤—#drsidsays,1
#cutthecrap#Hungry,1
#AlwaysHungry,1
#fooddarzee,2
#healthytips,3
#HungerHacks,1
#Hacks,1
#LifeHacks,1
#HealthyFood18h,1
food.darzeeVerifiedFood,2
Daree,1
provides,3
healthy,5
meals,4
doorstep,1
no,2
repeated,1
dishes,1
30,1
days.,1
Subscribe,3
now,1
fooddarzee.com.#mealsubscription,1
#ketomeals,2
#healthydishes,1
#balancedmeal,1
#healthyfoodtips,1
#fooddarzee22h,1
food.darzeeVerifiedHere,1
are,2
some,8
health,3
benefits,1
differnt,1
juices.,1
For,2
more,3
such,1
benefit,1
tips,1
follow,1
@coacheddarzee#healthyfoodtips,1
#healthtips,1
#nutritionmatters,1
#nutritionaltherapy,1
#apple,1
#vitamin,1
#nutritionisimportant,1
#nutritioncoach,4
#fitnessforlife,2
#keytoyournutrition,6
#keytoyourhealth,6
#wearehereforyou,6
#fooddarzee2d,2
food.darzeeVerifiedNew,1
"Year,",1
Healthy,1
You!!,1
Darzee,5
nutritional,2
plans,2
customised,2
lifestyle,2
body,2
type.,1
Achieve,1
fitness,2
goals,2
faster,2
than,3
ever,3
before.,2
now.#ketomeals,2
#lowcarbdiet,2
#vegandiet,2
#weightlossdiet,2
#healthymeals,3
food.darzeeVerifiedIt's,1
#FunFridays,1
at,7
we,2
giving,1
you,10
chance,1
get,2
a,10
subscription,1
our,4
meal,1
plan,3
special,5
discount,1
offer.,1
Hurry,1
Up,1
comment,1
now!#giveaway,1
#fooddarzeegiveaway,1
#giveawaycontest,1
#foodgiveaway,1
#healthylifestyle,1
#looseweight,1
#fooddarzee3d,2
food.darzeeVerifiedTry,1
"delicious,",1
easy,1
quick,1
filler,1
Sweet,2
Potato.Ingredients:Boiled,1
PotatoSaltPepperSesame,1
SeedsChilli,1
Flakes#potato,1
#sweetpotato,1
#friedsweetpotato,1
#snacks,2
#delicious,1
#yummy,1
#explore,5
#fyp,1
#explorepage,3
#yummybites,1
#healthyfood,3
#trending,5
#trend,2
#viral,1
#tastyfood,2
#foodreel,2
type.4,1
delivered,1
doorstep.1),1
Customised,1
you2),1
Personal,1
Nutritionist.3),1
High,1
quality,1
nutritiousAchieve,1
#fooddarzee4d,1
food.darzeeVerifiedCan,1
vegans,1
build,1
muscle?,1
Yess!!,1
Take,1
minute,1
think,1
about,1
that,4
as,1
@dr.siddhant.bhargava,1
guides,1
you!#vegandiet,1
#vegantips,1
#veganlifestyle,1
#weightloss,1
#factsforall,1
#fooddarzeereels4d,1
food.darzeeVerifiedAre,1
or,2
family,1
member,1
suffering,1
from,5
high,1
blood,1
pressure?,1
This,1
diet,2
might,2
help.,1
personalised,1
according,1
preferences,1
sign,1
up,2
fooddarzee.com#bloodpressure,1
#highbloodpressure,1
#dietplan,1
#fooddarzee5d,2
food.darzeeVerifiedThis,1
instant,1
simple,1
beetroot,2
appe,2
way,2
start,1
day.,1
Looking,1
"recipe,",1
would,1
surprised,1
how,1
breakfast,1
idea,1
requires,1
minimal,1
effort,1
when,1
put,1
into,1
practice.,1
Try,1
superfood,1
"twist,",1
which,1
packed,1
vitamins,1
minerals.Ingredients-Rava,1
(semolina)CurdBeetrootCarrotGreen,1
ChilliesSaltPapperCumin,1
seedsMustard,1
seedsCurry,1
leaves#beetroot,1
#appe,1
#southindianfood,1
#beetrootappe,1
#lovehomemadefood,1
#homemadefood,1
,1
foodLooking,1
deal?,2
Our,1
â€œHoliday,2
Specialsâ€,2
collab,2
@citizensxsbe,2
continues,1
week!,1
@food,4
followers,2
receive,2
discounts,2
items!How,2
works..1ï¸âƒ£,2
Visit,2
Citizens,2
Manhattan,2
West2ï¸âƒ£,2
Follow,2
Tag,2
@citizensxsbe3ï¸âƒ£,2
Unlock,2
discounted,2
itemsThis,2
weekâ€™s,2
specials,2
featureâ€¦ğŸ¥‘Avocado,1
Toast,1
Bowl,1
@plantnationbysbe,1
12/13ğŸ–Sticky,1
Ribs,1
@samotobymorimoto,1
12/14ğŸ¥ª,1
Smoked,1
Pastrami,1
Alla,1
Dario,1
@ciccidicarne,1
12/15ğŸ”,1
Deluxe,1
Burger,1
@umamiburger,1
12/16ğŸ§†,1
Chicken,2
Shawarma,1
Plate,1
@soomsoomfresh,1
12/17ğŸ“The,1
Original,1
Samâ€™s,1
Crispy,1
Sandwich,1
@samscrispychicken,1
12/1816h,1
foodThereâ€™s,1
better,1
warm,2
winter,1
"gooey,",1
"melted,",1
hot,2
fondue,1
ğŸ¤¤ğŸ«•,1
#friendsoffood,1
@melissamale,1
brining,1
vibes,1
@lafayette380,1
ğŸ”¥â„ï¸_#food,1
#fondue,1
#cheese,3
#cheeselover,1
#winter,1
#holidays,2
#soho,1
#newyorkcity1d,1
foodIf,1
could,2
only,1
choose,1
one?,1
ğŸ¤”@lindustriebk,1
dishing,1
sandwich,1
dilemmas,1
#foodfaves_#food,1
#sandwich,1
#sandwichporn,1
#sandwichsaturday,1
#brooklyn,1
#newyorkcity2d,1
foodWant,1
Introducing,1
latest,1
where,1
featureâ€¦ğŸ±Forever,1
Krispy,1
Rice,1
Box,1
@krispyriceğŸ”Cheesy,1
Potato,3
Tots,1
@umamiburgerğŸªNutella,1
Swirl,1
Cookie,1
@cindylouscookies4d,1
foodDear,1
@the9wmarket,1
like,2
everything,1
make,4
ğŸ¤¤!Tag,1
someone,1
who,1
needs,1
these,1
desserts!1w,1
foodItâ€™s,1
holidayğŸ”¥Celebrate,1
Hanukkah,2
next,2
level,2
Latkes,2
@12chairscafe,2
ğŸ•ğŸ˜‹#foodfaves1w,1
foodPut,1
yarmulke,1
itâ€™s,1
time,1
celebrate,1
ğŸ•ğŸ˜‹#foodfaves_#food,1
#foodholiday,1
#hanukkah,1
#hanukkah2021,1
#latkes,1
#december1w,1
foodFact:,1
tastes,1
even,1
an,3
oceanside,1
view.,1
Lunch,1
#foodfaves,3
Farm,1
Table,1
fixings,1
@malibufarm,1
ğŸŒŠâ˜€ï¸ğŸ¥—ğŸŒ®_#food,1
#oceanside,1
#farmtotable,1
#organic,1
#california,1
#malibu1w,1
foodDonâ€™t,1
anyone,1
tell,1
youâ€™re,1
too,1
old,1
pizza,2
pockets,2
ğŸ•Check,1
Sunday,1
Brunch,1
@trapizzinousa,1
serving,1
iconic,1
Roman,1
filled,1
classic,1
Italian,1
recipes,1
ğŸ‡®ğŸ‡¹_#food,1
#italianfood,1
#pizza,1
#brunch,1
#sundaybrunch,1
#sundayfunday,1
#lowereastside,1
#newyorkcity,1
#negroni,1
#icedcoffee2w,1
foodThanksgiving,1
but,1
can,2
still,1
pie,1
fix,1
@deviantdonuts,1
featuring,1
creative,1
doughnut,1
combinations,1
youâ€™ll,1
find,1
ğŸ©âœ–ï¸ğŸ¥§#foodfaves_#food,1
#thanksgiving,1
#thanksgivingfood,1
#thanksgivingdessert,1
#doughnuts,1
#doughnutlover,1
#pies,1
#festive,1
#fall2w,1
food_lunaticThis,1
indeed,1
life.ğŸ˜.#FeelItReelIt,1
#ReelsInstagram,1
#Trend,1
#ViralReels,1
#EatSleepTravelRepeat,1
#Travel,1
#Explore,1
#Viralvideos,1
#feelkaroreelkaro,6
#eatingfortheinsta,6
#delhi_igers,9
#all_shots,7
#Comfortfood,3
#reel,2
#blogger,3
#lifestyleblogger,3
#foodphotography,7
#tasty,7
#foodforlife,1
#sleep4d,1
food_lunaticCurrently,2
having,2
garma,1
garam,1
plate,1
perfect,2
weather,1
indeed.ğŸ˜ğŸ¤¤.#delhiblogger,1
#foodlove,1
#foodphoto,5
#foodcoma,5
#foodbloggers,4
#foodoftheday,2
#delhidiaries,3
#Picoftheday,1
#winters,1
#dillikisardi5d,1
food_lunaticNever,1
thought,1
Payasam,1
served,1
this!!ğŸ˜ğŸ¤¤#feelitreelit,1
#Sweets,1
#Desserts,1
#dessertsofinstagram,1
#fancy,1
#payasam,1
#picoftheday,3
#reelsvideo,2
#viralreels,4
#reelsinstagram6d,1
food_lunaticKorean,1
Corn,1
Cheese.ğŸ˜Made,1
snack,1
recently,1
absolutely,1
loved,1
it.,1
It,1
goes,1
"drinks,",1
have,2
dip,1
nachos,1
crackers.,1
Will,1
sharing,1
recipe,1
tomorrow.âœ¨.#all_shots,1
#corn,1
#comfortfood,4
#korea,1
#recipe,1
#Indianfoodie,1
#cheesy,2
#korean,1
#foodforthought,1
#koreanfood,1
#getinmybelly,1
#trending6d,1
food_lunaticDay,1
Mussoorie.âœ¨Stayed,1
@ahouseinthehills_,1
I,5
must,1
"say,",1
view,1
property,1
mesmerising,1
so,1
peaceful.ğŸ˜Landour,1
bake,2
house,1
being,1
oldest,1
cafe,1
serves,1
nutella,1
crepes,2
carrot,2
cake.ğŸ°I,1
honestly,1
had,1
best,1
cold,2
coffee,2
life,1
@cafebytheway,1
",",1
they,2
without,1
milk.,1
"Yup,",2
use,1
ice,1
crem,1
their,2
making,1
thick,1
yumm.ğŸ¤¤.#MiniVlog,1
#mussoorie,2
#Mountains,1
#travel,3
#vlog,1
#landour,2
#dayout,1
#reelsindia,1
#feelitreelit,4
#delhiblogger,3
#igfood,3
#foodlovers,3
#reelsistagram,2
#delhifoodblogger1w,2
food_lunaticMeine,1
subah,1
se,1
khana,1
nai,1
khaya,1
tha,1
yaar.ğŸ¥²ğŸ¤£.#explorepage,1
#funny,1
#relatable,2
#relatablememes,2
#fun,1
#wedding,1
#fokatkakhana,1
#shaadi,1
#weddingseason1w,1
food_lunatic#AdI,1
am,1
hosting,1
cheesiest,1
party,1
tonight!!ğŸ¤ª,1
made,1
cheesy,2
pizzas,1
garlic,1
bread.With,1
favorite,1
baking,1
partner,1
found,1
"@amazon,",1
was,1
able,1
them,1
minutes.Itâ€™s,1
simple!!ğŸ˜Find,1
kitchen,1
appliances,1
recommendations,1
page,1
#FoundItOnAmazonJust,1
type,1
https://www.amazon.in/shop/food_lunatic@amazondotin,1
#AmazonFinds,1
âœ¨1w,1
fav,1
maggi,3
chilling,1
blanket.ğŸ¥°All,1
need,1
"water,",1
"masala,",1
"veggies,",1
"oregano,",1
chilli,1
"flakes,",1
"cheese,",1
ofcourse.ğŸ.#maggi,1
#maggirecipes,1
food_lunaticWalked,1
half,2
hour,2
waited,1
another,1
just,1
Nutella,1
cake!ğŸ°,1
"Though,",1
ended,1
ordering,1
lot,1
more.,1
Hehe.ğŸ™ˆ.#delhidiaries,1
#travelgram,1
#mountains,1
#travelblogger,2
#bakery,1
#traveldiaries,1
#cakes,1
#crepes,1
#nutella,1
#thingstodo1w,1
food_lunaticSachh,1
sachh,1
"batao,",1
kaun,1
karta,1
hai,1
aise?ğŸ¤£.#oopsididitagain,1
#instagramreels,1
#britneyspears,1
#hotel,1
#hotelroom,1
#trendingreels1w,1
